,y_pred,pred_label,test_label
0,0.12638536095619202,0.0,1.0
1,0.19001373648643494,0.0,1.0
2,-0.5916872024536133,0.0,1.0
3,-0.897913932800293,0.0,0.0
4,0.2680519223213196,0.0,0.0
5,-0.18736577033996582,0.0,1.0
6,-0.7175456285476685,0.0,0.0
7,-0.6499512195587158,0.0,0.0
8,0.013508915901184082,0.0,0.0
9,-0.10296976566314697,0.0,1.0
10,-2.491231679916382,0.0,0.0
11,0.30121374130249023,0.0,0.0
12,-0.11134707927703857,0.0,0.0
