,y_pred,pred_label,test_label
0,0.5148720741271973,1.0,0.0
1,0.4845879077911377,0.0,0.0
2,0.4640001654624939,0.0,0.0
3,0.4732796847820282,0.0,0.0
4,0.49674132466316223,0.0,0.0
